{
    "namespace": "start",
    "version@start.version": {
        "controls": [
            {
                "0": {
                    "type": "label",
                    "color": "$main_header_text_color",
                    "text": "#version",
                    "size": [
                        "default",
                        10
                    ],
                    "max_size": [
                        "100%",
                        "100%"
                    ],
                    "anchor_from": "top_right",
                    "anchor_to": "top_right",
                    "layer": 2,
                    "bindings": [
                        {
                            "binding_name": "#version"
                        }
                    ],
                    "offset": [
                        0,
                        -24
                    ],
                    "controls": [
                        {
                            "0": {
                                "type": "image",
                                "texture": "textures/ui/Black",
                                "anchor_from": "center",
                                "anchor_to": "center",
                                "alpha": 0.6,
                                "layer": -1,
                                "size": [
                                    "100% + 2px",
                                    "100% + 2px"
                                ]
                            }
                        }
                    ]
                }
            },
            {
                "1": {
                    "type": "label",
                    "color": "$main_header_text_color",
                    "text": "#amethyst_version",
                    "size": [
                        "default",
                        10
                    ],
                    "max_size": [
                        "100%",
                        "100%"
                    ],
                    "anchor_from": "top_right",
                    "anchor_to": "top_right",
                    "layer": 2,
                    "bindings": [
                        {
                            "binding_name": "#amethyst_version"
                        }
                    ],
                    "offset": [
                        0,
                        -12
                    ],
                    "controls": [
                        {
                            "0": {
                                "type": "image",
                                "texture": "textures/ui/Black",
                                "anchor_from": "center",
                                "anchor_to": "center",
                                "alpha": 0.6,
                                "layer": -1,
                                "size": [
                                    "100% + 2px",
                                    "100% + 2px"
                                ]
                            }
                        }
                    ]
                }
            },
            {
                "2": {
                    "type": "label",
                    "color": "$main_header_text_color",
                    "text": "#mods_loaded",
                    "size": [
                        "default",
                        10
                    ],
                    "max_size": [
                        "100%",
                        "100%"
                    ],
                    "anchor_from": "top_right",
                    "anchor_to": "top_right",
                    "layer": 2,
                    "bindings": [
                        {
                            "binding_name": "#mods_loaded"
                        }
                    ],
                    "offset": [
                        0,
                        0
                    ],
                    "controls": [
                        {
                            "0": {
                                "type": "image",
                                "texture": "textures/ui/Black",
                                "anchor_from": "center",
                                "anchor_to": "center",
                                "alpha": 0.6,
                                "layer": -1,
                                "size": [
                                    "100% + 2px",
                                    "100% + 2px"
                                ]
                            }
                        }
                    ]
                }
            }
        ]
    }
}