{
    "namespace": "common",
    "highlight_slot_panel/highlight/hover_text": {
        "bindings": [
            {
                "binding_name": "$hover_text_binding_name",
                "binding_name_override": "#hover_text",
                "binding_type": "collection",
                "binding_collection_name": "$item_collection_name",
                "binding_condition": "always"
            }
        ]
    },
    "highlight_slot_panel/highlight/bundle_tooltip": {
        "bindings": [
            {
                "binding_name": "$hover_text_binding_name",
                "binding_name_override": "#hover_text",
                "binding_type": "collection",
                "binding_collection_name": "$item_collection_name",
                "binding_condition": "always"
            },
            {
                "binding_name": "#hover_items_id",
                "binding_name_override": "#hover_items_id",
                "binding_type": "collection",
                "binding_collection_name": "$item_collection_name",
                "binding_condition": "always"
            }
        ]
    }
}